Wall time,Step,Value
1756051916.6310341,474,13.43325424194336
1756052533.8265254,949,7.571312427520752
1756053155.4702263,1424,4.336460590362549
1756053773.1599538,1899,3.1580963134765625
1756054389.7689672,2374,2.7180612087249756
1756055007.8819168,2849,2.1171417236328125
1756055621.4298995,3324,2.1961216926574707
1756056227.4963028,3799,1.8980035781860352
1756056847.0887344,4274,1.8290221691131592
1756057466.3734043,4749,1.420365333557129
1756058131.7360635,5224,1.4515619277954102
1756058801.9803946,5699,1.474338173866272
1756059394.4753695,6174,1.460597276687622
1756060011.1268725,6649,1.2976173162460327
1756060631.4319649,7124,1.2115274667739868
1756061248.6975715,7599,1.1661272048950195
1756061868.4912288,8074,1.1734076738357544
1756062473.3641481,8549,1.1150368452072144
1756063089.326266,9024,1.077224850654602
1756063688.308186,9499,1.0461163520812988
1756064307.3009362,9974,0.9481817483901978
1756064924.3190658,10449,0.9135003685951233
1756065531.8186002,10924,1.0485336780548096
